config,J,vector
test0.cfg,158.0476861874807,26.3615,110.241,25.3662,78.56,39.696,62.53,25.271,64.943,142.90666666666667,3.969829297340214
